,log_file,log_id,meg_file,subject,task
0,sourcedata/meg_task/V1001-1-MEG-MOUS-Vis.log,1,sub-V1001/meg/sub-V1001_task-visual_meg.ds,1001,visual
1,sourcedata/meg_task/V1002-2-MEG-MOUS-Vis.log,2,sub-V1002/meg/sub-V1002_task-visual_meg.ds,1002,visual
2,sourcedata/meg_task/V1003-3-MEG-MOUS-Vis.log,3,sub-V1003/meg/sub-V1003_task-visual_meg.ds,1003,visual
3,sourcedata/meg_task/V1004-3-MEG-MOUS-Vis.log,3,sub-V1004/meg/sub-V1004_task-visual_meg.ds,1004,visual
4,sourcedata/meg_task/V1005-5-MEG-MOUS-Vis.log,5,sub-V1005/meg/sub-V1005_task-visual_meg.ds,1005,visual
7,sourcedata/meg_task/V1007-2-MEG-MOUS-Vis.log,2,sub-V1007/meg/sub-V1007_task-visual_meg.ds,1007,visual
8,sourcedata/meg_task/V1008-2-MEG-MOUS-Vis.log,2,sub-V1008/meg/sub-V1008_task-visual_meg.ds,1008,visual
9,sourcedata/meg_task/V1009-4-MEG-MOUS-Vis.log,4,sub-V1009/meg/sub-V1009_task-visual_meg.ds,1009,visual
10,sourcedata/meg_task/V1010-4-MEG-MOUS-Vis.log,4,sub-V1010/meg/sub-V1010_task-visual_meg.ds,1010,visual
11,sourcedata/meg_task/V1011-5-MEG-MOUS-Vis.log,5,sub-V1011/meg/sub-V1011_task-visual_meg.ds,1011,visual
12,sourcedata/meg_task/V1012-6-MEG-MOUS-Vis.log,6,sub-V1012/meg/sub-V1012_task-visual_meg.ds,1012,visual
13,sourcedata/meg_task/V1013-1-MEG-MOUS-Vis.log,1,sub-V1013/meg/sub-V1013_task-visual_meg.ds,1013,visual
14,sourcedata/meg_task/V1015-3-MEG-MOUS-Vis.log,3,sub-V1015/meg/sub-V1015_task-visual_meg.ds,1015,visual
15,sourcedata/meg_task/V1016-4-MEG-MOUS-Vis.log,4,sub-V1016/meg/sub-V1016_task-visual_meg.ds,1016,visual
17,sourcedata/meg_task/V1019-1-MEG-MOUS-Vis.log,1,sub-V1019/meg/sub-V1019_task-visual_meg.ds,1019,visual
18,sourcedata/meg_task/V1020-2-MEG-MOUS-Vis.log,2,sub-V1020/meg/sub-V1020_task-visual_meg.ds,1020,visual
19,sourcedata/meg_task/V1022-4-MEG-MOUS-Vis.log,4,sub-V1022/meg/sub-V1022_task-visual_meg.ds,1022,visual
20,sourcedata/meg_task/V1024-6-MEG-MOUS-Vis.log,6,sub-V1024/meg/sub-V1024_task-visual_meg.ds,1024,visual
21,sourcedata/meg_task/V1025-1-MEG-MOUS-Vis.log,1,sub-V1025/meg/sub-V1025_task-visual_meg.ds,1025,visual
22,sourcedata/meg_task/V1026-3-MEG-MOUS-Vis.log,3,sub-V1026/meg/sub-V1026_task-visual_meg.ds,1026,visual
23,sourcedata/meg_task/V1027-3-MEG-MOUS-Vis.log,3,sub-V1027/meg/sub-V1027_task-visual_meg.ds,1027,visual
24,sourcedata/meg_task/V1028-4-MEG-MOUS-Vis.log,4,sub-V1028/meg/sub-V1028_task-visual_meg.ds,1028,visual
25,sourcedata/meg_task/V1029-5-MEG-MOUS-Vis.log,5,sub-V1029/meg/sub-V1029_task-visual_meg.ds,1029,visual
26,sourcedata/meg_task/V1030-6-MEG-MOUS-Vis.log,6,sub-V1030/meg/sub-V1030_task-visual_meg.ds,1030,visual
27,sourcedata/meg_task/V1031-1-MEG-MOUS-Vis.log,1,sub-V1031/meg/sub-V1031_task-visual_meg.ds,1031,visual
28,sourcedata/meg_task/V1032-2-MEG-MOUS-Vis.log,2,sub-V1032/meg/sub-V1032_task-visual_meg.ds,1032,visual
29,sourcedata/meg_task/V1033-3-MEG-MOUS-Vis.log,3,sub-V1033/meg/sub-V1033_task-visual_meg.ds,1033,visual
30,sourcedata/meg_task/V1034-6-MEG-MOUS-Vis.log,6,sub-V1034/meg/sub-V1034_task-visual_meg.ds,1034,visual
31,sourcedata/meg_task/V1035-5-MEG-MOUS-Vis.log,5,sub-V1035/meg/sub-V1035_task-visual_meg.ds,1035,visual
32,sourcedata/meg_task/V1036-6-MEG-MOUS-Vis.log,6,sub-V1036/meg/sub-V1036_task-visual_meg.ds,1036,visual
33,sourcedata/meg_task/V1037-3-MEG-MOUS-Vis.log,3,sub-V1037/meg/sub-V1037_task-visual_meg.ds,1037,visual
34,sourcedata/meg_task/V1038-2-MEG-MOUS-Vis.log,2,sub-V1038/meg/sub-V1038_task-visual_meg.ds,1038,visual
35,sourcedata/meg_task/V1039-3-MEG-MOUS-Vis.log,3,sub-V1039/meg/sub-V1039_task-visual_meg.ds,1039,visual
36,sourcedata/meg_task/V1040-4-MEG-MOUS-Vis.log,4,sub-V1040/meg/sub-V1040_task-visual_meg.ds,1040,visual
37,sourcedata/meg_task/V1042-6-MEG-MOUS-Vis.log,6,sub-V1042/meg/sub-V1042_task-visual_meg.ds,1042,visual
38,sourcedata/meg_task/V1044-2-MEG-MOUS-Vis.log,2,sub-V1044/meg/sub-V1044_task-visual_meg.ds,1044,visual
39,sourcedata/meg_task/V1045-3-MEG-MOUS-Vis.log,3,sub-V1045/meg/sub-V1045_task-visual_meg.ds,1045,visual
40,sourcedata/meg_task/V1046-4-MEG-MOUS-Vis.log,4,sub-V1046/meg/sub-V1046_task-visual_meg.ds,1046,visual
41,sourcedata/meg_task/V1048-6-MEG-MOUS-Vis.log,6,sub-V1048/meg/sub-V1048_task-visual_meg.ds,1048,visual
42,sourcedata/meg_task/V1049-1-MEG-MOUS-Vis.log,1,sub-V1049/meg/sub-V1049_task-visual_meg.ds,1049,visual
43,sourcedata/meg_task/V1050-2-MEG-MOUS-Vis.log,2,sub-V1050/meg/sub-V1050_task-visual_meg.ds,1050,visual
44,sourcedata/meg_task/V1052-4-MEG-MOUS-Vis.log,4,sub-V1052/meg/sub-V1052_task-visual_meg.ds,1052,visual
45,sourcedata/meg_task/V1053-5-MEG-MOUS-Vis.log,5,sub-V1053/meg/sub-V1053_task-visual_meg.ds,1053,visual
46,sourcedata/meg_task/V1054-6-MEG-MOUS-Vis.log,6,sub-V1054/meg/sub-V1054_task-visual_meg.ds,1054,visual
47,sourcedata/meg_task/V1055-1-MEG-MOUS-Vis.log,1,sub-V1055/meg/sub-V1055_task-visual_meg.ds,1055,visual
48,sourcedata/meg_task/V1057-3-MEG-MOUS-Vis.log,3,sub-V1057/meg/sub-V1057_task-visual_meg.ds,1057,visual
49,sourcedata/meg_task/V1058-4-MEG-MOUS-Vis.log,4,sub-V1058/meg/sub-V1058_task-visual_meg.ds,1058,visual
50,sourcedata/meg_task/V1059-5-MEG-MOUS-Vis.log,5,sub-V1059/meg/sub-V1059_task-visual_meg.ds,1059,visual
51,sourcedata/meg_task/V1061-1-MEG-MOUS-Vis.log,1,sub-V1061/meg/sub-V1061_task-visual_meg.ds,1061,visual
52,sourcedata/meg_task/V1062-2-MEG-MOUS-Vis.log,2,sub-V1062/meg/sub-V1062_task-visual_meg.ds,1062,visual
53,sourcedata/meg_task/V1063-3-MEG-MOUS-Vis.log,3,sub-V1063/meg/sub-V1063_task-visual_meg.ds,1063,visual
54,sourcedata/meg_task/V1064-4-MEG-MOUS-Vis.log,4,sub-V1064/meg/sub-V1064_task-visual_meg.ds,1064,visual
55,sourcedata/meg_task/V1065-5-MEG-MOUS-Vis.log,5,sub-V1065/meg/sub-V1065_task-visual_meg.ds,1065,visual
56,sourcedata/meg_task/V1066-6-MEG-MOUS-Vis.log,6,sub-V1066/meg/sub-V1066_task-visual_meg.ds,1066,visual
57,sourcedata/meg_task/V1068-2-MEG-MOUS-Vis.log,2,sub-V1068/meg/sub-V1068_task-visual_meg.ds,1068,visual
58,sourcedata/meg_task/V1069-3-MEG-MOUS-Vis.log,3,sub-V1069/meg/sub-V1069_task-visual_meg.ds,1069,visual
59,sourcedata/meg_task/V1070-4-MEG-MOUS-Vis.log,4,sub-V1070/meg/sub-V1070_task-visual_meg.ds,1070,visual
60,sourcedata/meg_task/V1071-5-MEG-MOUS-Vis.log,5,sub-V1071/meg/sub-V1071_task-visual_meg.ds,1071,visual
61,sourcedata/meg_task/V1072-6-MEG-MOUS-Vis.log,6,sub-V1072/meg/sub-V1072_task-visual_meg.ds,1072,visual
62,sourcedata/meg_task/V1073-1-MEG-MOUS-Vis.log,1,sub-V1073/meg/sub-V1073_task-visual_meg.ds,1073,visual
63,sourcedata/meg_task/V1074-2-MEG-MOUS-Vis.log,2,sub-V1074/meg/sub-V1074_task-visual_meg.ds,1074,visual
64,sourcedata/meg_task/V1075-3-MEG-MOUS-Vis.log,3,sub-V1075/meg/sub-V1075_task-visual_meg.ds,1075,visual
65,sourcedata/meg_task/V1076-4-MEG-MOUS-Vis.log,4,sub-V1076/meg/sub-V1076_task-visual_meg.ds,1076,visual
66,sourcedata/meg_task/V1077-5-MEG-MOUS-Vis.log,5,sub-V1077/meg/sub-V1077_task-visual_meg.ds,1077,visual
67,sourcedata/meg_task/V1078-6-MEG-MOUS-Vis.log,6,sub-V1078/meg/sub-V1078_task-visual_meg.ds,1078,visual
68,sourcedata/meg_task/V1079-1-MEG-MOUS-Vis.log,1,sub-V1079/meg/sub-V1079_task-visual_meg.ds,1079,visual
69,sourcedata/meg_task/V1080-2-MEG-MOUS-Vis.log,2,sub-V1080/meg/sub-V1080_task-visual_meg.ds,1080,visual
70,sourcedata/meg_task/V1081-3-MEG-MOUS-Vis.log,3,sub-V1081/meg/sub-V1081_task-visual_meg.ds,1081,visual
71,sourcedata/meg_task/V1083-5-MEG-MOUS-Vis.log,5,sub-V1083/meg/sub-V1083_task-visual_meg.ds,1083,visual
72,sourcedata/meg_task/V1084-6-MEG-MOUS-Vis.log,6,sub-V1084/meg/sub-V1084_task-visual_meg.ds,1084,visual
73,sourcedata/meg_task/V1085-1-MEG-MOUS-Vis.log,1,sub-V1085/meg/sub-V1085_task-visual_meg.ds,1085,visual
74,sourcedata/meg_task/V1086-2-MEG-MOUS-Vis.log,2,sub-V1086/meg/sub-V1086_task-visual_meg.ds,1086,visual
75,sourcedata/meg_task/V1087-3-MEG-MOUS-Vis.log,3,sub-V1087/meg/sub-V1087_task-visual_meg.ds,1087,visual
76,sourcedata/meg_task/V1088-4-MEG-MOUS-Vis.log,4,sub-V1088/meg/sub-V1088_task-visual_meg.ds,1088,visual
77,sourcedata/meg_task/V1089-5-MEG-MOUS-Vis.log,5,sub-V1089/meg/sub-V1089_task-visual_meg.ds,1089,visual
78,sourcedata/meg_task/V1090-6-MEG-MOUS-Vis.log,6,sub-V1090/meg/sub-V1090_task-visual_meg.ds,1090,visual
79,sourcedata/meg_task/V1092-2-MEG-MOUS-Vis.log,2,sub-V1092/meg/sub-V1092_task-visual_meg.ds,1092,visual
80,sourcedata/meg_task/V1093-3-MEG-MOUS-Vis.log,3,sub-V1093/meg/sub-V1093_task-visual_meg.ds,1093,visual
81,sourcedata/meg_task/V1094-4-MEG-MOUS-Vis.log,4,sub-V1094/meg/sub-V1094_task-visual_meg.ds,1094,visual
82,sourcedata/meg_task/V1095-5-MEG-MOUS-Vis.log,5,sub-V1095/meg/sub-V1095_task-visual_meg.ds,1095,visual
83,sourcedata/meg_task/V1097-1-MEG-MOUS-Vis.log,1,sub-V1097/meg/sub-V1097_task-visual_meg.ds,1097,visual
84,sourcedata/meg_task/V1098-2-MEG-MOUS-Vis.log,2,sub-V1098/meg/sub-V1098_task-visual_meg.ds,1098,visual
85,sourcedata/meg_task/V1099-4-MEG-MOUS-Vis.log,4,sub-V1099/meg/sub-V1099_task-visual_meg.ds,1099,visual
86,sourcedata/meg_task/V1100-1-MEG-MOUS-Vis.log,1,sub-V1100/meg/sub-V1100_task-visual_meg.ds,1100,visual
87,sourcedata/meg_task/V1101-5-MEG-MOUS-Vis.log,5,sub-V1101/meg/sub-V1101_task-visual_meg.ds,1101,visual
88,sourcedata/meg_task/V1102-6-MEG-MOUS-Vis.log,6,sub-V1102/meg/sub-V1102_task-visual_meg.ds,1102,visual
89,sourcedata/meg_task/V1103-1-MEG-MOUS-Vis.log,1,sub-V1103/meg/sub-V1103_task-visual_meg.ds,1103,visual
90,sourcedata/meg_task/V1104-2-MEG-MOUS-Vis.log,2,sub-V1104/meg/sub-V1104_task-visual_meg.ds,1104,visual
91,sourcedata/meg_task/V1105-1-MEG-MOUS-Vis.log,1,sub-V1105/meg/sub-V1105_task-visual_meg.ds,1105,visual
92,sourcedata/meg_task/V1106-4-MEG-MOUS-Vis.log,4,sub-V1106/meg/sub-V1106_task-visual_meg.ds,1106,visual
93,sourcedata/meg_task/V1107-5-MEG-MOUS-Vis.log,5,sub-V1107/meg/sub-V1107_task-visual_meg.ds,1107,visual
94,sourcedata/meg_task/V1108-5-MEG-MOUS-Vis.log,5,sub-V1108/meg/sub-V1108_task-visual_meg.ds,1108,visual
95,sourcedata/meg_task/V1109-1-MEG-MOUS-Vis.log,1,sub-V1109/meg/sub-V1109_task-visual_meg.ds,1109,visual
96,sourcedata/meg_task/V1110-2-MEG-MOUS-Vis.log,2,sub-V1110/meg/sub-V1110_task-visual_meg.ds,1110,visual
97,sourcedata/meg_task/V1111-6-MEG-MOUS-Vis.log,6,sub-V1111/meg/sub-V1111_task-visual_meg.ds,1111,visual
98,sourcedata/meg_task/V1113-6-MEG-MOUS-Vis.log,6,sub-V1113/meg/sub-V1113_task-visual_meg.ds,1113,visual
99,sourcedata/meg_task/V1114-5-MEG-MOUS-Vis.log,5,sub-V1114/meg/sub-V1114_task-visual_meg.ds,1114,visual
100,sourcedata/meg_task/V1115-5-MEG-MOUS-Vis.log,5,sub-V1115/meg/sub-V1115_task-visual_meg.ds,1115,visual
101,sourcedata/meg_task/V1116-1-MEG-MOUS-Vis.log,1,sub-V1116/meg/sub-V1116_task-visual_meg.ds,1116,visual
102,sourcedata/meg_task/V1117-3-MEG-MOUS-Vis.log,3,sub-V1117/meg/sub-V1117_task-visual_meg.ds,1117,visual
103,sourcedata/meg_task/A2002-2-MEG-MOUS-Aud.log,2,sub-A2002/meg/sub-A2002_task-auditory_meg.ds,2002,auditory
104,sourcedata/meg_task/A2003-3-MEG-MOUS-Aud.log,3,sub-A2003/meg/sub-A2003_task-auditory_meg.ds,2003,auditory
105,sourcedata/meg_task/A2004-4-MEG-MOUS-Aud.log,4,sub-A2004/meg/sub-A2004_task-auditory_meg.ds,2004,auditory
106,sourcedata/meg_task/A2005-5-MEG-MOUS-Aud.log,5,sub-A2005/meg/sub-A2005_task-auditory_meg.ds,2005,auditory
107,sourcedata/meg_task/A2006-1-MEG-MOUS-Aud.log,1,sub-A2006/meg/sub-A2006_task-auditory_meg.ds,2006,auditory
108,sourcedata/meg_task/A2007-1-MEG-MOUS-Aud.log,1,sub-A2007/meg/sub-A2007_task-auditory_meg.ds,2007,auditory
109,sourcedata/meg_task/A2008-2-MEG-MOUS-Aud.log,2,sub-A2008/meg/sub-A2008_task-auditory_meg.ds,2008,auditory
110,sourcedata/meg_task/A2009-1-MEG-MOUS-Aud.log,1,sub-A2009/meg/sub-A2009_task-auditory_meg.ds,2009,auditory
111,sourcedata/meg_task/A2010-4-MEG-MOUS-Aud.log,4,sub-A2010/meg/sub-A2010_task-auditory_meg.ds,2010,auditory
112,sourcedata/meg_task/A2011-5-MEG-MOUS-Aud.log,5,sub-A2011/meg/sub-A2011_task-auditory_meg.ds,2011,auditory
113,sourcedata/meg_task/A2013-1-MEG-MOUS-Aud.log,1,sub-A2013/meg/sub-A2013_task-auditory_meg.ds,2013,auditory
114,sourcedata/meg_task/A2014-2-MEG-MOUS-Aud.log,2,sub-A2014/meg/sub-A2014_task-auditory_meg.ds,2014,auditory
115,sourcedata/meg_task/A2015-3-MEG-MOUS-Aud.log,3,sub-A2015/meg/sub-A2015_task-auditory_meg.ds,2015,auditory
116,sourcedata/meg_task/A2016-4-MEG-MOUS-Aud.log,4,sub-A2016/meg/sub-A2016_task-auditory_meg.ds,2016,auditory
117,sourcedata/meg_task/A2017-5-MEG-MOUS-Aud.log,5,sub-A2017/meg/sub-A2017_task-auditory_meg.ds,2017,auditory
118,sourcedata/meg_task/A2019-1-MEG-MOUS-Aud.log,1,sub-A2019/meg/sub-A2019_task-auditory_meg.ds,2019,auditory
119,sourcedata/meg_task/A2020-2-MEG-MOUS-Aud.log,2,sub-A2020/meg/sub-A2020_task-auditory_meg.ds,2020,auditory
120,sourcedata/meg_task/A2021-3-MEG-MOUS-Aud.log,3,sub-A2021/meg/sub-A2021_task-auditory_meg.ds,2021,auditory
121,sourcedata/meg_task/A2024-6-MEG-MOUS-Aud.log,6,sub-A2024/meg/sub-A2024_task-auditory_meg.ds,2024,auditory
122,sourcedata/meg_task/A2025-1-MEG-MOUS-Aud.log,1,sub-A2025/meg/sub-A2025_task-auditory_meg.ds,2025,auditory
123,sourcedata/meg_task/A2027-3-MEG-MOUS-Aud.log,3,sub-A2027/meg/sub-A2027_task-auditory_meg.ds,2027,auditory
124,sourcedata/meg_task/A2028-4-MEG-MOUS-Aud.log,4,sub-A2028/meg/sub-A2028_task-auditory_meg.ds,2028,auditory
125,sourcedata/meg_task/A2029-5-MEG-MOUS-Aud.log,5,sub-A2029/meg/sub-A2029_task-auditory_meg.ds,2029,auditory
126,sourcedata/meg_task/A2030-6-MEG-MOUS-Aud.log,6,sub-A2030/meg/sub-A2030_task-auditory_meg.ds,2030,auditory
127,sourcedata/meg_task/A2031-3-MEG-MOUS-Aud.log,3,sub-A2031/meg/sub-A2031_task-auditory_meg.ds,2031,auditory
128,sourcedata/meg_task/A2032-2-MEG-MOUS-Aud.log,2,sub-A2032/meg/sub-A2032_task-auditory_meg.ds,2032,auditory
129,sourcedata/meg_task/A2033-3-MEG-MOUS-Aud.log,3,sub-A2033/meg/sub-A2033_task-auditory_meg.ds,2033,auditory
130,sourcedata/meg_task/A2034-4-MEG-MOUS-Aud.log,4,sub-A2034/meg/sub-A2034_task-auditory_meg.ds,2034,auditory
131,sourcedata/meg_task/A2035-5-MEG-MOUS-Aud.log,5,sub-A2035/meg/sub-A2035_task-auditory_meg.ds,2035,auditory
132,sourcedata/meg_task/A2036-2-MEG-MOUS-Aud.log,2,sub-A2036/meg/sub-A2036_task-auditory_meg.ds,2036,auditory
133,sourcedata/meg_task/A2036-4-MEG-MOUS-Aud.log,4,sub-A2036/meg/sub-A2036_task-auditory_meg.ds,2036,auditory
134,sourcedata/meg_task/A2037-1-MEG-MOUS-Aud.log,1,sub-A2037/meg/sub-A2037_task-auditory_meg.ds,2037,auditory
135,sourcedata/meg_task/A2038-2-MEG-MOUS-Aud.log,2,sub-A2038/meg/sub-A2038_task-auditory_meg.ds,2038,auditory
136,sourcedata/meg_task/A2039-3-MEG-MOUS-Aud.log,3,sub-A2039/meg/sub-A2039_task-auditory_meg.ds,2039,auditory
137,sourcedata/meg_task/A2040-4-MEG-MOUS-Aud.log,4,sub-A2040/meg/sub-A2040_task-auditory_meg.ds,2040,auditory
138,sourcedata/meg_task/A2041-5-MEG-MOUS-Aud.log,5,sub-A2041/meg/sub-A2041_task-auditory_meg.ds,2041,auditory
139,sourcedata/meg_task/A2042-6-MEG-MOUS-Aud.log,6,sub-A2042/meg/sub-A2042_task-auditory_meg.ds,2042,auditory
140,sourcedata/meg_task/A2046-4-MEG-MOUS-Aud.log,4,sub-A2046/meg/sub-A2046_task-auditory_meg.ds,2046,auditory
141,sourcedata/meg_task/A2047-5-MEG-MOUS-Aud.log,5,sub-A2047/meg/sub-A2047_task-auditory_meg.ds,2047,auditory
142,sourcedata/meg_task/A2049-1-MEG-MOUS-Aud.log,1,sub-A2049/meg/sub-A2049_task-auditory_meg.ds,2049,auditory
143,sourcedata/meg_task/A2050-2-MEG-MOUS-Aud.log,2,sub-A2050/meg/sub-A2050_task-auditory_meg.ds,2050,auditory
144,sourcedata/meg_task/A2051-5-MEG-MOUS-Aud.log,5,sub-A2051/meg/sub-A2051_task-auditory_meg.ds,2051,auditory
145,sourcedata/meg_task/A2052-4-MEG-MOUS-Aud.log,4,sub-A2052/meg/sub-A2052_task-auditory_meg.ds,2052,auditory
146,sourcedata/meg_task/A2053-5-MEG-MOUS-Aud.log,5,sub-A2053/meg/sub-A2053_task-auditory_meg.ds,2053,auditory
147,sourcedata/meg_task/A2055-1-MEG-MOUS-Aud.log,1,sub-A2055/meg/sub-A2055_task-auditory_meg.ds,2055,auditory
148,sourcedata/meg_task/A2056-2-MEG-MOUS-Aud.log,2,sub-A2056/meg/sub-A2056_task-auditory_meg.ds,2056,auditory
149,sourcedata/meg_task/A2057-3-MEG-MOUS-Aud.log,3,sub-A2057/meg/sub-A2057_task-auditory_meg.ds,2057,auditory
150,sourcedata/meg_task/A2058-4-MEG-MOUS-Aud1.log,4,sub-A2058/meg/sub-A2058_task-auditory_meg.ds,2058,auditory
151,sourcedata/meg_task/A2059-5-MEG-MOUS-Aud.log,5,sub-A2059/meg/sub-A2059_task-auditory_meg.ds,2059,auditory
152,sourcedata/meg_task/A2061-1-MEG-MOUS-Aud.log,1,sub-A2061/meg/sub-A2061_task-auditory_meg.ds,2061,auditory
153,sourcedata/meg_task/A2062-2-MEG-MOUS-Aud.log,2,sub-A2062/meg/sub-A2062_task-auditory_meg.ds,2062,auditory
154,sourcedata/meg_task/A2063-3-MEG-MOUS-Aud.log,3,sub-A2063/meg/sub-A2063_task-auditory_meg.ds,2063,auditory
155,sourcedata/meg_task/A2064-4-MEG-MOUS-Aud.log,4,sub-A2064/meg/sub-A2064_task-auditory_meg.ds,2064,auditory
156,sourcedata/meg_task/A2065-1-MEG-MOUS-Aud.log,1,sub-A2065/meg/sub-A2065_task-auditory_meg.ds,2065,auditory
157,sourcedata/meg_task/A2066-6-MEG-MOUS-Aud.log,6,sub-A2066/meg/sub-A2066_task-auditory_meg.ds,2066,auditory
158,sourcedata/meg_task/A2067-1-MEG-MOUS-Aud.log,1,sub-A2067/meg/sub-A2067_task-auditory_meg.ds,2067,auditory
159,sourcedata/meg_task/A2068-2-MEG-MOUS-Aud.log,2,sub-A2068/meg/sub-A2068_task-auditory_meg.ds,2068,auditory
160,sourcedata/meg_task/A2069-3-MEG-MOUS-Aud.log,3,sub-A2069/meg/sub-A2069_task-auditory_meg.ds,2069,auditory
161,sourcedata/meg_task/A2070-4-MEG-MOUS-Aud.log,4,sub-A2070/meg/sub-A2070_task-auditory_meg.ds,2070,auditory
162,sourcedata/meg_task/A2071-3-MEG-MOUS-Aud.log,3,sub-A2071/meg/sub-A2071_task-auditory_meg.ds,2071,auditory
163,sourcedata/meg_task/A2072-6-MEG-MOUS-Aud.log,6,sub-A2072/meg/sub-A2072_task-auditory_meg.ds,2072,auditory
164,sourcedata/meg_task/A2073-5-MEG-MOUS-Aud.log,5,sub-A2073/meg/sub-A2073_task-auditory_meg.ds,2073,auditory
165,sourcedata/meg_task/A2075-3-MEG-MOUS-Aud.log,3,sub-A2075/meg/sub-A2075_task-auditory_meg.ds,2075,auditory
166,sourcedata/meg_task/A2076-4-MEG-MOUS-Aud.log,4,sub-A2076/meg/sub-A2076_task-auditory_meg.ds,2076,auditory
167,sourcedata/meg_task/A2077-5-MEG-MOUS-Aud.log,5,sub-A2077/meg/sub-A2077_task-auditory_meg.ds,2077,auditory
168,sourcedata/meg_task/A2078-6-MEG-MOUS-Aud.log,6,sub-A2078/meg/sub-A2078_task-auditory_meg.ds,2078,auditory
169,sourcedata/meg_task/A2079-1-MEG-MOUS-Aud.log,1,sub-A2079/meg/sub-A2079_task-auditory_meg.ds,2079,auditory
170,sourcedata/meg_task/A2080-2-MEG-MOUS-Aud.log,2,sub-A2080/meg/sub-A2080_task-auditory_meg.ds,2080,auditory
171,sourcedata/meg_task/A2083-5-MEG-MOUS-Aud.log,5,sub-A2083/meg/sub-A2083_task-auditory_meg.ds,2083,auditory
172,sourcedata/meg_task/A2084-6-MEG-MOUS-Aud.log,6,sub-A2084/meg/sub-A2084_task-auditory_meg.ds,2084,auditory
173,sourcedata/meg_task/A2085-1-MEG-MOUS-Aud.log,1,sub-A2085/meg/sub-A2085_task-auditory_meg.ds,2085,auditory
174,sourcedata/meg_task/A2086-2-MEG-MOUS-Aud.log,2,sub-A2086/meg/sub-A2086_task-auditory_meg.ds,2086,auditory
175,sourcedata/meg_task/A2088-4-MEG-MOUS-Aud.log,4,sub-A2088/meg/sub-A2088_task-auditory_meg.ds,2088,auditory
176,sourcedata/meg_task/A2089-5-MEG-MOUS-Aud.log,5,sub-A2089/meg/sub-A2089_task-auditory_meg.ds,2089,auditory
177,sourcedata/meg_task/A2090-6-MEG-MOUS-Aud.log,6,sub-A2090/meg/sub-A2090_task-auditory_meg.ds,2090,auditory
178,sourcedata/meg_task/A2091-1-MEG-MOUS-Aud.log,1,sub-A2091/meg/sub-A2091_task-auditory_meg.ds,2091,auditory
179,sourcedata/meg_task/A2092-2-MEG-MOUS-Aud.log,2,sub-A2092/meg/sub-A2092_task-auditory_meg.ds,2092,auditory
180,sourcedata/meg_task/A2094-4-MEG-MOUS-Aud.log,4,sub-A2094/meg/sub-A2094_task-auditory_meg.ds,2094,auditory
181,sourcedata/meg_task/A2095-5-MEG-MOUS-Aud.log,5,sub-A2095/meg/sub-A2095_task-auditory_meg.ds,2095,auditory
182,sourcedata/meg_task/A2096-6-MEG-MOUS-Aud.log,6,sub-A2096/meg/sub-A2096_task-auditory_meg.ds,2096,auditory
183,sourcedata/meg_task/A2097-1-MEG-MOUS-Aud.log,1,sub-A2097/meg/sub-A2097_task-auditory_meg.ds,2097,auditory
184,sourcedata/meg_task/A2098-2-MEG-MOUS-Aud.log,2,sub-A2098/meg/sub-A2098_task-auditory_meg.ds,2098,auditory
185,sourcedata/meg_task/A2099-3-MEG-MOUS-Aud.log,3,sub-A2099/meg/sub-A2099_task-auditory_meg.ds,2099,auditory
186,sourcedata/meg_task/A2101-6-MEG-MOUS-Aud.log,6,sub-A2101/meg/sub-A2101_task-auditory_meg.ds,2101,auditory
187,sourcedata/meg_task/A2102-2-MEG-MOUS-Aud.log,2,sub-A2102/meg/sub-A2102_task-auditory_meg.ds,2102,auditory
188,sourcedata/meg_task/A2103-4-MEG-MOUS-Aud.log,4,sub-A2103/meg/sub-A2103_task-auditory_meg.ds,2103,auditory
189,sourcedata/meg_task/A2104-6-MEG-MOUS-Aud.log,6,sub-A2104/meg/sub-A2104_task-auditory_meg.ds,2104,auditory
190,sourcedata/meg_task/A2105-3-MEG-MOUS-Aud.log,3,sub-A2105/meg/sub-A2105_task-auditory_meg.ds,2105,auditory
191,sourcedata/meg_task/A2106-2-MEG-MOUS-Aud.log,2,sub-A2106/meg/sub-A2106_task-auditory_meg.ds,2106,auditory
192,sourcedata/meg_task/A2108-6-MEG-MOUS-Aud.log,6,sub-A2108/meg/sub-A2108_task-auditory_meg.ds,2108,auditory
193,sourcedata/meg_task/A2109-3-MEG-MOUS-Aud.log,3,sub-A2109/meg/sub-A2109_task-auditory_meg.ds,2109,auditory
194,sourcedata/meg_task/A2110-4-MEG-MOUS-Aud.log,4,sub-A2110/meg/sub-A2110_task-auditory_meg.ds,2110,auditory
195,sourcedata/meg_task/A2111-3-MEG-MOUS-Aud.log,3,sub-A2111/meg/sub-A2111_task-auditory_meg.ds,2111,auditory
196,sourcedata/meg_task/A2113-4-MEG-MOUS-Aud.log,4,sub-A2113/meg/sub-A2113_task-auditory_meg.ds,2113,auditory
197,sourcedata/meg_task/A2114-4-MEG-MOUS-Aud.log,4,sub-A2114/meg/sub-A2114_task-auditory_meg.ds,2114,auditory
198,sourcedata/meg_task/A2116-6-MEG-MOUS-Aud.log,6,sub-A2116/meg/sub-A2116_task-auditory_meg.ds,2116,auditory
199,sourcedata/meg_task/A2117-6-MEG-MOUS-Aud.log,6,sub-A2117/meg/sub-A2117_task-auditory_meg.ds,2117,auditory
200,sourcedata/meg_task/A2119-2-MEG-MOUS-Aud.log,2,sub-A2119/meg/sub-A2119_task-auditory_meg.ds,2119,auditory
201,sourcedata/meg_task/A2120-6-MEG-MOUS-Aud.log,6,sub-A2120/meg/sub-A2120_task-auditory_meg.ds,2120,auditory
202,sourcedata/meg_task/A2121-5-MEG-MOUS-Aud.log,5,sub-A2121/meg/sub-A2121_task-auditory_meg.ds,2121,auditory
203,sourcedata/meg_task/A2122-6-MEG-MOUS-Aud.log,6,sub-A2122/meg/sub-A2122_task-auditory_meg.ds,2122,auditory
204,sourcedata/meg_task/A2124-3-MEG-MOUS-Aud.log,3,sub-A2124/meg/sub-A2124_task-auditory_meg.ds,2124,auditory
205,sourcedata/meg_task/A2125-5-MEG-MOUS-Aud.log,5,sub-A2125/meg/sub-A2125_task-auditory_meg.ds,2125,auditory
